Overall_1,2024 Season,,,,,,
Overall_1,,Date,,Opponent,,Score,Location
Overall_1,,08/30/2024,vs,University of Dubuque,L,0-3,"Grinnell, IA"
Overall_1,,09/01/2024,vs,Coe College,W,3-0,"Grinnell, IA"
Overall_1,,09/06/2024,vs,Mount Mercy University,W,2-1,"Grinnell, IA"
Overall_1,,09/08/2024,at,Saint Mary's University (Minn.),T,0-0,"Winona, MN"
Overall_1,,09/11/2024,vs,Simpson College,L,0-4,"Grinnell, IA"
Overall_1,,09/14/2024,vs,Benedictine University,W,4-0,"Grinnell, IA"
Overall_1,*,09/28/2024,vs,Lake Forest College,L,0-4,"Grinnell, IA"
Overall_1,*,10/02/2024,vs,Knox College,W,2-0,"Grinnell, IA"
Overall_1,*,10/05/2024,at,Ripon College,W,2-1,"Ripon, WI"
Overall_1,,10/06/2024,at,Edgewood College,L,0-1,"Madison, WI"
Overall_1,*,10/12/2024,at,Illinois College,W,1-0,"Jacksonville, IL"
Overall_1,,10/19/2024,at,Augustana College (IL),T,1-1,"Rock Island, IL"
Overall_1,*,10/22/2024,vs,Cornell College,W,5-0,"Grinnell, IA"
Overall_1,*,10/26/2024,vs,Beloit College,W,1-0,"Grinnell, IA"
Overall_1,*,10/30/2024,at,Monmouth College,T,1-1,"Monmouth, IL"
Overall_1,*,11/02/2024,at,Lawrence University,L,0-6,"Appleton, WI"
Overall_1,,11/08/2024,vs,Lawrence University (Semifinal),L,0-1,"Lake Forest, IL (Mohr Field)"
Overall_1,Overall:,8-6-3,,,,,
Overall_1,Conf:,5-2-1,,,,,
Overall_1,Home:,6-3,,,,,
Overall_1,Away:,2-2-3,,,,,
Overall_1,Neutral:,0-1,,,,,
Overall_2,2023 Season,,,,,,
Overall_2,,Date,,Opponent,,Score,Location
Overall_2,,09/01/2023,at,University of Dubuque,W,2-0,"Dubuque, IA"
Overall_2,,09/02/2023,at,Coe College,W,1-0,"Cedar Rapids, IA"
Overall_2,,09/09/2023,at,Carleton College,L,0-2,"Northfield, MN"
Overall_2,,09/10/2023,at,Luther College,T,0-0,"Decorah, IA"
Overall_2,,09/14/2023,vs,Simpson College,L,0-2,"Grinnell, IA"
Overall_2,,09/20/2023,vs,Central College,T,0-0,"Grinnell, IA"
Overall_2,*,09/23/2023,at,Lake Forest College,T,1-1,"Lake Forest, IL"
Overall_2,*,09/26/2023,at,Knox College,W,5-0,"Galesburg, IL"
Overall_2,*,09/30/2023,vs,Ripon College,W,3-0,"Grinnell, IA"
Overall_2,*,10/07/2023,vs,Illinois College,W,4-0,"Grinnell, IA"
Overall_2,,10/08/2023,vs,Saint Mary's University (Minn.),L,0-1,"Grinnell, IA"
Overall_2,,10/14/2023,vs,Augustana College (IL),W,1-0,"Grinnell, IA"
Overall_2,,10/15/2023,vs,Buena Vista University (Senior Day),W,7-0,"Grinnell, IA"
Overall_2,*,10/18/2023,at,Cornell College,W,2-0,"Mount Vernon, IA"
Overall_2,*,10/21/2023,at,Beloit College,T,1-1,"Beloit, WI"
Overall_2,*,10/24/2023,vs,Monmouth College,W,4-0,"Grinnell, IA"
Overall_2,*,10/28/2023,vs,Lawrence University,T,1-1,"Grinnell, IA"
Overall_2,,11/03/2023,vs,Lawrence University (Semifinal),W,1-0,"Lake Forest, IL"
Overall_2,,11/04/2023,at,Lake Forest College (Championship),L,0-4,"Lake Forest, IL"
Overall_2,Overall:,10-4-5,,,,,
Overall_2,Conf:,5-0-3,,,,,
Overall_2,Home:,5-2-2,,,,,
Overall_2,Away:,4-2-3,,,,,
Overall_2,Neutral:,1-0,,,,,
Overall_3,2022 Season,,,,,,
Overall_3,,Date,,Opponent,,Score,Location
Overall_3,,09/01/2022,vs,University of Dubuque,T,0-0,"Grinnell, IA"
Overall_3,,09/03/2022,vs,Coe College,W,1-0,"Grinnell, IA"
Overall_3,,09/10/2022,vs,Carleton College,L,0-4,"Grinnell, IA"
Overall_3,,09/17/2022,vs,Nebraska Wesleyan University,T,1-1,"Grinnell, IA"
Overall_3,,09/18/2022,at,Buena Vista University,W,2-0,"Storm Lake, IA"
Overall_3,*,09/24/2022,at,Illinois College,W,4-2,"Jacksonville, IL"
Overall_3,*,09/28/2022,vs,Knox College,T,0-0,"Grinnell, IA"
Overall_3,,10/02/2022,vs,Luther College,T,2-2,"Grinnell, IA"
Overall_3,*,10/05/2022,vs,Cornell College,W,2-0,"Grinnell, IA"
Overall_3,*,10/08/2022,vs,Beloit College,W,1-0,"Grinnell, IA"
Overall_3,*,10/12/2022,at,Monmouth College,W,3-1,"Monmouth, IL"
Overall_3,*,10/15/2022,at,Lawrence University,W,2-1,"Appleton, WI"
Overall_3,,10/19/2022,vs,Saint Mary's University (Minn.),L,0-2,"Grinnell, IA"
Overall_3,*,10/22/2022,at,Ripon College,W,2-0,"Ripon, WI"
Overall_3,,10/23/2022,at,Marian University,W,2-0,"Fond du Lac, WI"
Overall_3,*,10/29/2022,vs,Lake Forest College,W,1-0,"Grinnell, IA"
Overall_3,,11/05/2022,vs,Cornell College (Semifinal),W,2-1,"Grinnell, IA"
Overall_3,,11/06/2022,vs,Beloit College (Championship),T,0-0,"Grinnell, IA"
Overall_3,,11/12/2022,at,Wartburg College (First Round),L,2-5,"Waverly, IA"
Overall_3,Overall:,11-3-5,,,,,
Overall_3,Conf:,7-0-1,,,,,
Overall_3,Home:,5-2-5,,,,,
Overall_3,Away:,6-1,,,,,
Overall_4,2021 Season,,,,,,
Overall_4,,Date,,Opponent,,Score,Location
Overall_4,,09/01/2021,at,University of Dubuque,L,0-1,"Dubuque, IA"
Overall_4,,09/08/2021,vs,Coe College,W,1-0,"Grinnell, IA"
Overall_4,,09/11/2021,at,Carleton College,L,0-3,"Northfield, MN"
Overall_4,,09/12/2021,vs,University of Wisconsin-Oshkosh,L,0-1,"Grinnell, IA"
Overall_4,,09/15/2021,vs,Simpson College,L,2-5,"Grinnell, IA"
Overall_4,,09/18/2021,at,Luther College,L,0-1,"Decorah, IA"
Overall_4,,09/22/2021,vs,University of Wisconsin-Whitewater,L,0-4,"Grinnell, IA"
Overall_4,*,09/25/2021,vs,Illinois College,W,8-0,"Grinnell, IA"
Overall_4,*,09/28/2021,at,Knox College,L,0-2,"Galesburg, IL"
Overall_4,,10/03/2021,vs,Wartburg College,L,0-3,"Grinnell, IA"
Overall_4,*,10/05/2021,at,Cornell College,T,1-1,"Mount Vernon, IA"
Overall_4,*,10/09/2021,at,Beloit College,T,0-0,"Beloit, WI"
Overall_4,*,10/12/2021,vs,Monmouth College,L,2-3,"Grinnell, IA"
Overall_4,*,10/16/2021,vs,Lawrence University,L,0-1,"Grinnell, IA"
Overall_4,,10/19/2021,at,Macalester College,L,0-2,"St. Paul, MN"
Overall_4,*,10/23/2021,vs,Ripon College,W,4-0,"Grinnell, IA"
Overall_4,*,10/30/2021,at,Lake Forest College,L,0-2,"Lake Forest, IL"
Overall_4,Overall:,3-12-2,,,,,
Overall_4,Conf:,2-4-2,,,,,
Overall_4,Home:,3-6,,,,,
Overall_4,Away:,0-6-2,,,,,
Overall_5,2019 Season,,,,,,
Overall_5,,Date,,Opponent,,Score,Location
Overall_5,,08/30/2019,at,University of Dubuque,L,0-2,"Dubuque, IA"
Overall_5,,09/05/2019,at,Coe College,L,0-1,"Cedar Rapids, IA"
Overall_5,,09/07/2019,vs,Buena Vista University,W,7-0,"Grinnell, IA"
Overall_5,,09/08/2019,at,Carleton College,L,1-5,"Northfield, MN"
Overall_5,,09/14/2019,at,Bethany Lutheran College,W,3-0,"Mankato, MN"
Overall_5,,09/18/2019,vs,Simpson College,T,1-1,"Grinnell, IA"
Overall_5,,09/21/2019,at,Edgewood College,W,1-0,"Madison, WI"
Overall_5,,09/22/2019,vs,Nebraska Wesleyan University,L,0-2,"Grinnell, IA"
Overall_5,*,09/28/2019,at,Lake Forest College,T,0-0,"Lake Forest, IL"
Overall_5,*,09/29/2019,at,Lawrence University,W,2-0,"Appleton, WI"
Overall_5,*,10/05/2019,vs,Beloit College,W,5-0,"Grinnell, IA"
Overall_5,*,10/12/2019,at,Knox College,L,0-1,"Galesburg, IL"
Overall_5,*,10/19/2019,vs,Ripon College,W,3-2,"Grinnell, IA"
Overall_5,*,10/20/2019,vs,St. Norbert College,T,1-1,"Grinnell, IA"
Overall_5,*,10/23/2019,vs,Cornell College,L,0-1,"Grinnell, IA"
Overall_5,*,10/26/2019,at,Monmouth College,L,1-2,"Monmouth, IL"
Overall_5,*,11/02/2019,at,Illinois College,W,3-0,"Jacksonville, IL"
Overall_5,Overall:,7-7-3,,,,,
Overall_5,Conf:,4-3-2,,,,,
Overall_5,Home:,3-2-2,,,,,
Overall_5,Away:,4-5-1,,,,,
Overall_6,2018 Season,,,,,,
Overall_6,,Date,,Opponent,,Score,Location
Overall_6,,08/31/2018,vs,Edgewood College,T,1-1,"Grinnell, IA"
Overall_6,,09/01/2018,vs,Coe College,L,0-2,"Grinnell, IA"
Overall_6,,09/06/2018,vs,Carleton College,L,0-1,"Grinnell, IA"
Overall_6,,09/09/2018,at,Buena Vista University,W,4-0,"Storm Lake, IA"
Overall_6,,09/13/2018,at,Simpson College,W,2-0,"Indianola, IA"
Overall_6,,09/19/2018,at,Central College,L,1-2,"Pella, IA"
Overall_6,*,09/22/2018,at,Beloit College,W,4-1,"Beloit, WI"
Overall_6,*,09/29/2018,vs,Lake Forest College,W,1-0,"Grinnell, IA"
Overall_6,*,09/30/2018,vs,Lawrence University,W,2-0,"Grinnell, IA"
Overall_6,*,10/06/2018,vs,Knox College,L,1-2,"Grinnell, IA"
Overall_6,*,10/13/2018,at,Ripon College,W,3-2,"Ripon, WI"
Overall_6,*,10/14/2018,at,St. Norbert College,L,1-2,De Pere. WI
Overall_6,,10/17/2018,at,St. Olaf College,L,1-2,"Northfield, MN"
Overall_6,*,10/20/2018,vs,Monmouth College,W,2-1,"Grinnell, IA"
Overall_6,*,10/23/2018,at,Cornell College,W,2-1,"Mount Vernon, IA"
Overall_6,*,10/27/2018,vs,Illinois College,W,6-0,"Grinnell, IA"
Overall_6,,11/02/2018,vs,St. Norbert College (Semifinal),L,1-2,"Galesburg, IL"
Overall_6,Overall:,9-7-1,,,,,
Overall_6,Conf:,7-2,,,,,
Overall_6,Home:,4-3-1,,,,,
Overall_6,Away:,5-3,,,,,
Overall_6,Neutral:,0-1,,,,,
Overall_7,2017 Season,,,,,,
Overall_7,,Date,,Opponent,,Score,Location
Overall_7,,09/01/2017,vs,Simpson College,W,2-0,"Grinnell, IA"
Overall_7,,09/02/2017,at,Coe College,L,0-2,"Cedar Rapids, IA"
Overall_7,,09/06/2017,vs,Central College,L,0-4,"Grinnell, IA"
Overall_7,,09/09/2017,at,Crown College,W,6-0,"St. Bonifacius, MN"
Overall_7,,09/10/2017,vs,University of Wisconsin-Oshkosh,L,0-1,"Grinnell, IA"
Overall_7,,09/17/2017,at,Edgewood College,L,0-1,"Madison, WI"
Overall_7,*,09/23/2017,vs,Beloit College,W,5-3,"Grinnell, IA"
Overall_7,*,09/24/2017,vs,Lake Forest College,W,2-1,"Grinnell, IA"
Overall_7,,09/27/2017,vs,Buena Vista University,W,3-1,"Grinnell, IA"
Overall_7,*,09/30/2017,at,Illinois College,W,7-3,"Jacksonville, IL"
Overall_7,*,10/07/2017,at,Knox College,L,1-2,"Galesburg, IL"
Overall_7,*,10/14/2017,at,St. Norbert College,L,1-4,De Pere. WI
Overall_7,*,10/15/2017,at,Lawrence University,W,4-0,"Appleton, WI"
Overall_7,,10/19/2017,at,Nebraska Wesleyan University,W,2-1,"Lincoln, NE"
Overall_7,*,10/21/2017,vs,Ripon College,W,1-0,"Grinnell, IA"
Overall_7,*,10/25/2017,vs,Cornell College,L,2-3,"Grinnell, IA"
Overall_7,*,10/28/2017,vs,Monmouth College,W,1-0,"Grinnell, IA"
Overall_7,,11/03/2017,vs,Knox College (Semifinal),L,0-1,"De Pere, WI"
Overall_7,Overall:,10-8,,,,,
Overall_7,Conf:,6-3,,,,,
Overall_7,Home:,6-3,,,,,
Overall_7,Away:,4-4,,,,,
Overall_7,Neutral:,0-1,,,,,
Overall_8,2016 Season,,,,,,
Overall_8,,Date,,Opponent,,Score,Location
Overall_8,,09/01/2016,at,Simpson College,T,0-0,"Indianola, IA"
Overall_8,,09/03/2016,vs,Augsburg College,L,0-4,"Grinnell, IA"
Overall_8,,09/07/2016,at,Central College,L,0-2,"Pella, IA"
Overall_8,,09/09/2016,at,Grand View University,L,0-2,"Des Moines, IA"
Overall_8,,09/11/2016,at,Buena Vista University,W,2-0,"Storm Lake, IA"
Overall_8,,09/13/2016,vs,Coe College,L,1-2,"Grinnell, IA"
Overall_8,,09/17/2016,vs,Nebraska Wesleyan University,W,2-0,"Grinnell, IA"
Overall_8,*,09/24/2016,at,Beloit College,W,3-1,"Beloit, WI"
Overall_8,*,09/25/2016,at,Lake Forest College,T,0-0,"Lake Forest, IL"
Overall_8,*,09/29/2016,at,Cornell College,W,6-0,"Mount Vernon, IA"
Overall_8,*,10/01/2016,vs,Illinois College,L,1-2,"Grinnell, IA"
Overall_8,*,10/08/2016,vs,Knox College,L,0-1,"Grinnell, IA"
Overall_8,*,10/15/2016,vs,St. Norbert College,W,2-1,"Grinnell, IA"
Overall_8,*,10/16/2016,vs,Lawrence University,W,1-0,"Grinnell, IA"
Overall_8,,10/20/2016,at,Concordia University Chicago,W,2-0,"River Forest, IL"
Overall_8,*,10/22/2016,at,Ripon College,W,3-2,"Ripon, WI"
Overall_8,*,10/29/2016,at,Monmouth College,W,2-1,"Monmouth, IL"
Overall_8,,11/04/2016,vs,Lake Forest College (Semifinal),T,2-2,"Galesburg, IL"
Overall_8,,11/05/2016,at,Knox College (Championship),L,0-1,"Galesburg, IL"
Overall_8,Overall:,9-7-3,,,,,
Overall_8,Conf:,6-2-1,,,,,
Overall_8,Home:,3-4,,,,,
Overall_8,Away:,6-3-2,,,,,
Overall_8,Neutral:,0-0-1,,,,,
Overall_9,2015 Season,,,,,,
Overall_9,,Date,,Opponent,,Score,Location
Overall_9,,09/01/2015,at,Wartburg College,L,1-2,"Waverly, IA"
Overall_9,,09/05/2015,vs,Simpson College,W,2-1,"Grinnell, IA"
Overall_9,,09/11/2015,at,Carleton College,L,0-1,"Northfield, MN"
Overall_9,,09/12/2015,at,Augsburg College,L,0-4,"Minneapolis, MN"
Overall_9,,09/16/2015,vs,Buena Vista University,W,1-0,"Grinnell, IA"
Overall_9,*,09/19/2015,at,Knox College,L,0-1,"Galesburg, IL"
Overall_9,,09/23/2015,at,Coe College,L,0-1,"Cedar Rapids, IA"
Overall_9,*,09/26/2015,vs,Ripon College,L,0-1,"Grinnell, IA"
Overall_9,*,10/03/2015,vs,Lake Forest College,L,2-4,"Grinnell, IA"
Overall_9,*,10/04/2015,vs,Carroll University,L,0-2,"Grinnell, IA"
Overall_9,*,10/10/2015,vs,Monmouth College,W,2-0,"Grinnell, IA"
Overall_9,*,10/11/2015,at,Cornell College,W,3-0,"Mount Vernon, IA"
Overall_9,*,10/17/2015,at,Lawrence University,L,1-2,"Appleton, WI"
Overall_9,*,10/18/2015,at,St. Norbert College,L,0-1,De Pere. WI
Overall_9,*,10/24/2015,at,Illinois College,L,0-2,"Jacksonville, IL"
Overall_9,,10/28/2015,vs,University of Wisconsin-Platteville,W,2-0,"Grinnell, IA"
Overall_9,*,10/31/2015,vs,Beloit College,W,2-0,"Grinnell, IA"
Overall_9,Overall:,6-11,,,,,
Overall_9,Conf:,3-7,,,,,
Overall_9,Home:,5-3,,,,,
Overall_9,Away:,1-8,,,,,
Overall_10,2014 Season,,,,,,
Overall_10,,Date,,Opponent,,Score,Location
Overall_10,,08/29/2014,at,Simpson College,W,2-1,"Indianola, IA"
Overall_10,,09/05/2014,at,Macalester College,L,2-3,"St. Paul, MN"
Overall_10,,09/07/2014,at,Carleton College,L,0-1,"Northfield, MN"
Overall_10,,09/11/2014,at,Central College,L,0-1,"Pella, IA"
Overall_10,,09/13/2014,vs,Augsburg College,W,1-0,"Grinnell, IA"
Overall_10,,09/16/2014,vs,Coe College,W,4-1,"Grinnell, IA"
Overall_10,*,09/20/2014,vs,Knox College,W,3-0,"Grinnell, IA"
Overall_10,,09/21/2014,vs,Wartburg College,L,0-3,"Grinnell, IA"
Overall_10,*,09/27/2014,vs,Illinois College,W,3-0,"Grinnell, IA"
Overall_10,*,09/28/2014,vs,Cornell College,W,1-0,"Grinnell, IA"
Overall_10,*,10/04/2014,at,Lake Forest College,L,1-2,"Lake Forest, IL"
Overall_10,*,10/05/2014,at,Carroll University,L,0-2,"Waukesha, WI"
Overall_10,*,10/11/2014,at,Beloit College,W,2-0,"Beloit, WI"
Overall_10,,10/12/2014,at,Rockford University,W,8-0,"Rockford, IL"
Overall_10,*,10/18/2014,vs,Lawrence University (Senior Day),W,2-0,"Grinnell, IA"
Overall_10,*,10/19/2014,vs,St. Norbert College,T,0-0,"Grinnell, IA"
Overall_10,*,10/25/2014,at,Monmouth College,W,1-0,"Monmouth, IL"
Overall_10,*,11/01/2014,at,Ripon College,L,1-2,"Ripon, WI"
Overall_10,,11/07/2014,at,Lake Forest College,L,1-7,"Lake Forest, IL"
Overall_10,Overall:,10-8-1,,,,,
Overall_10,Conf:,6-3-1,,,,,
Overall_10,Home:,6-1-1,,,,,
Overall_10,Away:,4-7,,,,,
Overall_11,2013 Season,,,,,,
Overall_11,,Date,,Opponent,,Score,Location
Overall_11,,08/30/2013,vs,University of Dubuque,L,0-1,"Grinnell, IA"
Overall_11,,08/31/2013,vs,Blackburn College,W,11-0,"Grinnell, IA"
Overall_11,,09/07/2013,vs,Principia College,W,2-1,"Grinnell, IA"
Overall_11,,09/08/2013,vs,Buena Vista University,W,6-0,"Grinnell, IA"
Overall_11,,09/11/2013,vs,Central College,L,0-1,"Grinnell, IA"
Overall_11,*,09/17/2013,at,Cornell College,W,2-1,"Mount Vernon, IA"
Overall_11,*,09/21/2013,vs,Lake Forest College,L,0-3,"Grinnell, IA"
Overall_11,*,09/22/2013,vs,Carroll University,W,1-0,"Grinnell, IA"
Overall_11,*,09/28/2013,vs,Beloit College,W,6-0,"Grinnell, IA"
Overall_11,,09/29/2013,at,Augustana College (IL),L,0-4,"Moline, IL"
Overall_11,*,10/05/2013,at,Knox College,W,2-0,"Galesburg, IL"
Overall_11,*,10/06/2013,at,Illinois College,T,0-0,"Jacksonville, IL"
Overall_11,*,10/12/2013,vs,Monmouth College,W,1-0,"Grinnell, IA"
Overall_11,,10/13/2013,at,Coe College,W,2-0,"Cedar Rapids, IA"
Overall_11,*,10/19/2013,vs,Ripon College,L,0-1,"Grinnell, IA"
Overall_11,,10/22/2013,vs,Simpson College,W,1-0,"Grinnell, IA"
Overall_11,*,10/26/2013,at,Lawrence University,W,1-0,"Appleton, WI"
Overall_11,*,10/27/2013,at,St. Norbert College,L,0-1,De Pere. WI
Overall_11,,11/08/2013,at,St. Norbert College (Semifinal),L,1-3,De Pere. WI
Overall_11,Overall:,11-7-1,,,,,
Overall_11,Conf:,6-3-1,,,,,
Overall_11,Home:,7-4,,,,,
Overall_11,Away:,4-3-1,,,,,
Overall_12,2012 Season,,,,,,
Overall_12,,Date,,Opponent,,Score,Location
Overall_12,,09/01/2012,vs,Coe College,T,0-0,"Grinnell, IA"
Overall_12,,09/05/2012,at,Simpson College,L,0-1,"Indianola, IA"
Overall_12,,09/08/2012,at,Augsburg College,L,0-4,"Minneapolis, MN"
Overall_12,,09/09/2012,at,Buena Vista University,L,0-1,"Storm Lake, IA"
Overall_12,*,09/15/2012,at,Lake Forest College,L,0-1,"Lake Forest, IL"
Overall_12,*,09/16/2012,at,Carroll University,W,1-0,"Waukesha, Wi"
Overall_12,,09/20/2012,at,Central College,L,1-2,"Pella, IA"
Overall_12,*,09/22/2012,vs,Illinois College,W,4-0,"Grinnell, IA"
Overall_12,*,09/29/2012,vs,Knox College,W,1-0,"Grinnell, IA"
Overall_12,,09/30/2012,vs,Augustana College (IL),L,1-6,"Grinnell, IA"
Overall_12,*,10/03/2012,vs,Cornell College,W,6-0,"Grinnell, IA"
Overall_12,*,10/06/2012,at,Beloit College,W,4-2,"Beloit, WI"
Overall_12,*,10/20/2012,vs,Lawrence University,W,5-0,"Grinnell, IA"
Overall_12,*,10/21/2012,vs,St. Norbert College,L,3-4,"Grinnell, IA"
Overall_12,*,10/27/2012,at,Monmouth College,L,1-2,"Monmouth, IL"
Overall_12,*,10/28/2012,vs,Ripon College,W,3-0,"Grinnell, IA"
Overall_12,,11/02/2012,at,Lake Forest College (Semifinal),L,0-3,"Lake Forest, IL"
Overall_12,Overall:,7-9-1,,,,,
Overall_12,Conf:,7-3,,,,,
Overall_12,Home:,5-2-1,,,,,
Overall_12,Away:,2-7,,,,,
Overall_13,2011 Season,,,,,,
Overall_13,,Date,,Opponent,,Score,Location
Overall_13,,09/01/2011,at,Cornell College,L,1-2,"Mount Vernon, IA"
Overall_13,,09/03/2011,vs,Augsburg College,W,3-2,"Grinnell, IA"
Overall_13,,09/10/2011,vs,University of Dubuque,L,0-1,"Grinnell, IA"
Overall_13,,09/14/2011,at,Coe College,T,1-1,"Cedar Rapids, IA"
Overall_13,*,09/17/2011,at,Monmouth College,W,3-0,"Monmouth, IL"
Overall_13,,09/18/2011,vs,Central College,L,1-2,"Grinnell, IA"
Overall_13,*,09/24/2011,at,Lawrence University,W,3-2,"Appleton, WI"
Overall_13,,09/25/2011,at,University of Wisconsin-Oshkosh,W,2-1,"Oshkosh, WI"
Overall_13,*,10/01/2011,vs,St. Norbert College,W,4-3,"Grinnell, IA"
Overall_13,,10/02/2011,vs,College of St. Catherine,W,2-1,"Grinnell, IA"
Overall_13,*,10/08/2011,vs,Lake Forest College,W,5-1,"Grinnell, IA"
Overall_13,*,10/15/2011,at,Illinois College,T,0-0,"Jacksonville, IL"
Overall_13,,10/17/2011,at,Principia College,L,0-3,"St. Louis, MO"
Overall_13,*,10/22/2011,at,Beloit College,W,5-0,"Beloit, WI"
Overall_13,*,10/23/2011,at,Carroll University,L,0-2,"Waukesha, Wi"
Overall_13,*,10/29/2011,vs,Ripon College,W,3-0,"Grinnell, IA"
Overall_13,*,10/30/2011,vs,Knox College,W,5-0,"Grinnell, IA"
Overall_13,,11/04/2011,vs,Carroll University (MWC Tournament Semifinal),L,0-1,"De Pere, Wis."
Overall_13,Overall:,10-6-2,,,,,
Overall_13,Conf:,7-1-1,,,,,
Overall_13,Home:,6-2,,,,,
Overall_13,Away:,4-3-2,,,,,
Overall_13,Neutral:,0-1,,,,,
Overall_14,2010 Season,,,,,,
Overall_14,,Date,,Opponent,,Score,Location
Overall_14,,09/01/2010,at,Central,W,3-0,"Pella, IA"
Overall_14,,09/04/2010,at,Luther,L,0-2,"Decorah, IA"
Overall_14,,09/11/2010,vs,Wisconsin-Oshkosh,L,2-3,"Grinnell, IA"
Overall_14,,09/14/2010,at,Dubuque,L,1-3,"Dubuque, IA"
Overall_14,,09/17/2010,at,Simpson,L,0-3,"Indianola, IA"
Overall_14,,09/19/2010,vs,Wartburg,L,0-6,"Grinnell, IA"
Overall_14,*,09/23/2010,at,Monmouth,L,0-1,"Monmouth, IL"
Overall_14,*,09/25/2010,at,Knox,W,3-1,"Galesburg, IL"
Overall_14,*,09/26/2010,at,Illinois College,W,2-1,"Jacksonville, IL"
Overall_14,*,10/02/2010,vs,St. Norbert,L,0-1,"Grinnell, IA"
Overall_14,*,10/03/2010,vs,Lawrence,L,1-3,"Grinnell, IA"
Overall_14,,10/06/2010,vs,Wisconsin-La Crosse,L,0-4,"Grinnell, IA"
Overall_14,,10/10/2010,vs,Coe,W,1-0,"Grinnell, IA"
Overall_14,*,10/16/2010,at,Ripon,W,5-3,"Ripon, WI"
Overall_14,*,10/17/2010,at,Carroll,W,2-1,"Waukesha, WI"
Overall_14,*,10/23/2010,vs,Lake Forest,L,2-3,"Grinnell, IA"
Overall_14,*,10/30/2010,vs,Beloit,T,1-1,"Grinnell, IA"
Overall_14,Overall:,6-10-1,,,,,
Overall_14,Conf:,4-4-1,,,,,
Overall_14,Home:,1-6-1,,,,,
Overall_14,Away:,5-4,,,,,
Overall_15,2009 Season,,,,,,
Overall_15,,Date,,Opponent,,Score,Location
Overall_15,,09/01/2009,vs,St. Olaf,L,1-7,"Grinnell, IA"
Overall_15,,09/05/2009,vs,Dubuque,L,0-2,"Grinnell, IA"
Overall_15,,09/09/2009,vs,Central,W,5-1,"Grinnell, IA"
Overall_15,,09/12/2009,at,Washington-St. Louis,L,0-10,"St. Louis, MO"
Overall_15,,09/13/2009,at,Webster,L,2-5,Webster
Overall_15,,09/16/2009,at,Coe,W,2-1,"Cedar Rapids, IA"
Overall_15,*,09/19/2009,vs,Illinois College,W,9-1,"Grinnell, IA"
Overall_15,*,09/20/2009,at,Beloit,W,1-0,"Beloit, WI"
Overall_15,*,09/26/2009,vs,Monmouth,T,1-1,"Grinnell, IA"
Overall_15,,09/30/2009,at,Wartburg,L,1-6,"Waverly, IA"
Overall_15,,10/04/2009,vs,Nebraska Wesleyan,W,3-0,"Grinnell, IA"
Overall_15,*,10/10/2009,at,Lawrence,L,1-3,"Appleton, WI"
Overall_15,*,10/11/2009,at,St. Norbert,L,1-2,"De Pere, WI"
Overall_15,*,10/17/2009,vs,Carroll,L,0-4,"Grinnell, IA"
Overall_15,*,10/18/2009,vs,Ripon,W,1-0,"Grinnell, IA"
Overall_15,,10/21/2009,at,Wisonsin-La Crosse,L,1-5,"La Crosse, WI"
Overall_15,*,10/24/2009,at,Lake Forest,L,1-4,"Lake Forest, IL"
Overall_15,*,10/31/2009,vs,Knox,W,7-1,"Grinnell, IA"
Overall_15,Overall:,7-10-1,,,,,
Overall_15,Conf:,4-4-1,,,,,
Overall_15,Home:,5-3-1,,,,,
Overall_15,Away:,2-7,,,,,
Overall_16,2008 Season,,,,,,
Overall_16,,Date,,Opponent,,Score,Location
Overall_16,,08/30/2008,vs,Coe,W,4-1,"Grinnell, IA"
Overall_16,,09/04/2008,at,Loras,L,0-3,"Dubuque, IA"
Overall_16,,09/06/2008,vs,Cornell,W,5-0,"Grinnell, IA"
Overall_16,,09/10/2008,at,Central,W,7-0,"Pella, IA"
Overall_16,,09/13/2008,vs,Buena Vista,W,8-0,"Grinnell, IA"
Overall_16,,09/14/2008,vs,North Park,W,3-1,"Grinnell, IA"
Overall_16,,09/19/2008,at,Simpson,W,1-0,"Indianola, IA"
Overall_16,*,09/27/2008,at,Illinois College,W,10-0,"Jacksonville, IL"
Overall_16,*,09/28/2008,at,Monmouth,W,4-1,"Monmouth, IL"
Overall_16,*,10/04/2008,vs,Beloit,W,5-0,"Grinnell, IA"
Overall_16,,10/05/2008,vs,Dubuque,W,1-0,"Grinnell, IA"
Overall_16,*,10/11/2008,vs,St. Norbert,W,4-2,"Grinnell, IA"
Overall_16,*,10/12/2008,vs,Lawrence,W,5-0,"Grinnell, IA"
Overall_16,*,10/18/2008,at,Ripon,W,5-1,"Ripon, WI"
Overall_16,*,10/19/2008,at,Carroll,L,1-3,"Waukesha, WI"
Overall_16,*,10/25/2008,vs,Lake Forest,L,2-3,"Grinnell, IA"
Overall_16,,10/31/2008,at,Augustana,L,0-1,"Rock Island, IL"
Overall_16,*,11/01/2008,at,Knox,W,5-0,"Galesburg, IL"
Overall_16,,11/07/2008,at,St. Norbert (MWC Tournament Semifinal),L,0-1,"De Pere, IL"
Overall_16,Overall:,14-5,,,,,
Overall_16,Conf:,7-2,,,,,
Overall_16,Home:,8-1,,,,,
Overall_16,Away:,6-4,,,,,
Overall_17,2007 Season,,,,,,
Overall_17,,Date,,Opponent,,Score,Location
Overall_17,,08/31/2007,vs,Central,W,2-0,"Grinnell, IA"
Overall_17,,09/01/2007,vs,Gustavus Adolphus,L,1-3,"Grinnell, IA"
Overall_17,,09/07/2007,at,Swarthmore,L,0-3,"Swarthmore, PA"
Overall_17,,09/09/2007,at,Bryn Mawr,W,5-0,"Bryn Mawr, PA"
Overall_17,,09/16/2007,at,Carleton,L,1-3,"Northfield, MN"
Overall_17,,09/19/2007,vs,Simpson,L,1-3,"Grinnell, IA"
Overall_17,*,09/22/2007,vs,Monmouth,W,3-1,"Grinnell, IA"
Overall_17,*,09/23/2007,at,Beloit,W,5-0,"Grinnell, IA"
Overall_17,*,09/29/2007,vs,Illinois College,W,9-0,"Grinnell, IA"
Overall_17,*,09/30/2007,vs,Knox,W,12-0,"Grinnell, IA"
Overall_17,*,10/06/2007,vs,Carroll,L,2-3,"Grinnell, IA"
Overall_17,*,10/07/2007,vs,Ripon,W,10-1,"Grinnell, IA"
Overall_17,*,10/13/2007,at,Lake Forest,L,0-1,"Lake Forest, IL"
Overall_17,,10/14/2007,at,North Park,W,1-0,"Chicago, IL"
Overall_17,,10/18/2007,at,Cornell,W,1-0,"Mount Vernon, IA"
Overall_17,,10/23/2007,vs,Loras,L,0-2,"Grinnell, IA"
Overall_17,*,10/27/2007,at,Lawrence,W,2-1,"Appleton, WI"
Overall_17,*,10/28/2007,at,St. Norbert,L,0-1,"De Pere, WI"
Overall_17,,11/03/2007,at,Carroll (MWC Tournament Semifinal),L,1-2,"Waukesha, WI"
Overall_17,Overall:,10-9,,,,,
Overall_17,Conf:,6-3,,,,,
Overall_17,Home:,5-4,,,,,
Overall_17,Away:,5-5,,,,,
Overall_18,2006 Season,,,,,,
Overall_18,,Date,,Opponent,,Score,Location
Overall_18,,09/02/2006,vs,Carleton,W,1-0,
Overall_18,,09/06/2006,at,Loras,T,0-0,"Dubuque, IA"
Overall_18,,09/09/2006,at,Gustavus Adolphus,W,1-0,"St. Peter, MN"
Overall_18,,09/10/2006,vs,Concordia-Moorhead,L,0-2,
Overall_18,,09/13/2006,vs,Cornell,W,4-0,
Overall_18,*,09/19/2006,at,Knox,W,4-0,"Galesburg, IL"
Overall_18,*,09/23/2006,at,Monmouth,W,1-0,"Monmouth, IL"
Overall_18,*,09/24/2006,vs,Beloit,W,4-0,
Overall_18,*,09/30/2006,at,Illinois College,W,3-0,"Jacksonville, IL"
Overall_18,,10/01/2006,vs,Macalester,L,0-1,
Overall_18,*,10/07/2006,at,Ripon,W,10-0,"Ripon, WI"
Overall_18,*,10/08/2006,at,Carroll,W,2-0,"Waukesha, WI"
Overall_18,*,10/14/2006,vs,Lake Forest,W,3-1,
Overall_18,,10/25/2006,at,Central,W,1-0,"Pella, IA"
Overall_18,*,10/28/2006,vs,St. Norbert,W,4-0,
Overall_18,*,10/29/2006,vs,Lawrence,W,6-0,
Overall_18,,11/03/2006,vs,Lake Forest (MWC Tournament Semifinal),W,5-1,
Overall_18,,11/04/2006,vs,Carroll (MWC Tournament Championship),W,3-0,
Overall_18,,11/11/2006,at,Augustana (NCAA Tournament First Round),L,1-2,"Rock Island, IL"
Overall_18,Overall:,15-3-1,,,,,
Overall_18,Conf:,9-0,,,,,
Overall_18,Home:,8-1,,,,,
Overall_18,Away:,7-1-1,,,,,
Overall_18,Neutral:,0-1,,,,,
Overall_19,2005 Season,,,,,,
Overall_19,,Date,,Opponent,,Score,Location
Overall_19,,09/01/2005,vs,Loras,L,1-3,"Grinnell, IA"
Overall_19,,09/07/2005,at,Cornell,W,2-0,"Mount Vernon, IA"
Overall_19,,09/10/2005,at,Macalester,L,0-1,"St. Paul, MN"
Overall_19,,09/11/2005,at,Pomona-Pitzer,T,1-1,"St. Paul, MN"
Overall_19,*,09/17/2005,vs,Monouth,W,3-1,"Grinnell, IA"
Overall_19,*,09/18/2005,vs,Illinois College,W,11-0,"Grinnell, IA"
Overall_19,*,09/24/2005,at,Beloit,W,5-0,"Beloit, WI"
Overall_19,*,09/27/2005,vs,Knox,W,16-0,"Grinnell, IA"
Overall_19,*,10/01/2005,at,Lawrence,W,2-0,"Appleton, WI"
Overall_19,*,10/02/2005,at,St. Norbert,W,5-0,"De Pere, WI"
Overall_19,*,10/08/2005,at,Lake Forest,L,2-3,"Lake Forest, IL"
Overall_19,,10/15/2005,vs,Central,W,2-0,"Grinnell, IA"
Overall_19,,10/17/2005,at,Carleton,W,2-0,"Northfield, MN"
Overall_19,,10/19/2005,vs,Gustavus Adolphus,W,1-0,"Grinnell, IA"
Overall_19,*,10/22/2005,vs,Carroll,W,1-0,"Grinnell, IA"
Overall_19,*,10/23/2005,vs,Ripon,W,7-0,"Grinnell, IA"
Overall_19,,10/29/2005,vs,Lake Forest (MWC Tournament Semifinal),W,2-0,"Grinnell, IA"
Overall_19,,10/30/2005,vs,Carroll (MWC Tournament Championship),T,1-1,"Grinnell, IA"
Overall_19,,11/09/2005,vs,Lakeland (NCAA Tournament First Round),W,3-1,"Grinnell, IA"
Overall_19,,11/12/2005,at,Macalester (NCAA Tournament Second Round),L,0-3,"St. Paul, MN"
Overall_19,Overall:,14-4-2,,,,,
Overall_19,Conf:,8-1,,,,,
Overall_19,Home:,9-1-1,,,,,
Overall_19,Away:,5-3-1,,,,,
Overall_20,2004 Season,,,,,,
Overall_20,,Date,,Opponent,,Score,Location
Overall_20,,09/03/2004,vs,Carleton,W,2-0,"Grinnell, IA"
Overall_20,,09/08/2004,vs,Cornell,W,4-0,"Grinnell, IA"
Overall_20,,09/11/2004,at,Bethel,W,6-0,"St. Paul, MN"
Overall_20,,09/12/2004,at,Augsburg,L,0-1,"Minneapolis, MN"
Overall_20,*,09/18/2004,vs,Beloit,W,6-0,"Grinnell, IA"
Overall_20,,09/19/2004,vs,Macalester,L,1-3,"Grinnell, IA"
Overall_20,*,09/21/2004,at,Knox,W,10-0,"Galesburg, IL"
Overall_20,*,09/25/2004,vs,Lake Forest,L,1-2,"Grinnell, IA"
Overall_20,*,10/02/2004,vs,St. Norbert,W,4-0,"Grinnell, IA"
Overall_20,*,10/03/2004,vs,Lawrence,W,1-0,"Grinnell, IA"
Overall_20,*,10/09/2004,at,Illinois College,W,4-0,"Jacksonville, IL"
Overall_20,*,10/10/2004,at,Monmouth,W,5-1,"Monmouth, IL"
Overall_20,,10/17/2004,at,Gustavus Adolphus,T,0-0,"St. Peter, MN"
Overall_20,*,10/23/2004,at,Ripon,W,10-0,"Ripon, WI"
Overall_20,*,10/24/2004,at,Carroll,L,1-2,"Waukesha, WI"
Overall_20,,10/30/2004,vs,Carroll (MWC Tournament Semifinal),W,3-0,"Lake Forest, IL"
Overall_20,,10/31/2004,vs,St. Norbert (MWC Tournament Semifinal),W,1-0,"Lake Forest, IL"
Overall_20,,11/10/2004,vs,Macalester (NCAA Tournament First Round),L,1-3,"Grinnell, IA"
Overall_20,Overall:,12-5-1,,,,,
Overall_20,Conf:,7-2,,,,,
Overall_20,Home:,5-2,,,,,
Overall_20,Away:,5-2-1,,,,,
Overall_20,Neutral:,2-1,,,,,
Overall_22,2002 Season,,,,,,
Overall_22,,Date,,Opponent,,Score,Location
Overall_22,,08/31/2002,at,Gustavus Adolphus,L,3-5,"St. Peter, MN"
Overall_22,,09/07/2002,at,Massachusetts Institute of Technology,L,0-4,Unknown
Overall_22,,09/14/2002,vs,Bethel,L,2-4,"Grinnell, IA"
Overall_22,,09/17/2002,vs,Central,W,8-0,"Grinnell, IA"
Overall_22,*,09/21/2002,vs,Beloit,W,7-0,"Grinnell, IA"
Overall_22,*,09/22/2002,at,Knox,W,10-0,"Galesburg, IL"
Overall_22,*,09/29/2002,at,Monmouth,W,9-1,"Monmouth, IL"
Overall_22,*,10/05/2002,vs,St. Norbert,L,0-5,"Grinnell, IA"
Overall_22,*,10/06/2002,vs,Lawrence,W,4-0,"Grinnell, IA"
Overall_22,*,10/12/2002,vs,Lake Forest,W,2-1,"Grinnell, IA"
Overall_22,,10/15/2002,vs,Aurora,L,2-3,"Grinnell, IA"
Overall_22,,10/20/2002,vs,Wartburg,W,4-2,"Grinnell, IA"
Overall_22,*,10/26/2002,at,Ripon,W,5-0,"Ripon, WI"
Overall_22,*,10/27/2002,at,Carroll,L,1-4,"Waukesha, WI"
Overall_22,*,11/02/2002,vs,Illinois,W,8-0,"Monmouth, IL"
Overall_22,,11/08/2002,vs,St. Norbert (MWC Tournament Semifinal),L,1-2,"Waukesha, WI"
Overall_22,Overall:,9-7,,,,,
Overall_22,Conf:,7-2,,,,,
Overall_22,Home:,5-3,,,,,
Overall_22,Away:,3-3,,,,,
Overall_22,Neutral:,1-1,,,,,
Overall_23,2001 Season,,,,,,
Overall_23,,Date,,Opponent,,Score,Location
Overall_23,,09/01/2001,vs,Augsburg College,W,1-0,"Grinnell, IA"
Overall_23,,09/05/2001,at,Simpson,L,0-3,"Indianola, IA"
Overall_23,*,09/08/2001,at,Beloit,W,3-2,"Beloit, WI"
Overall_23,*,09/11/2001,vs,Knox,W,5-0,"Grinnell, IA"
Overall_23,*,09/22/2001,at,Lawrence,L,0-2,"Appleton, WI"
Overall_23,*,09/23/2001,at,St. Norbert,T,1-1,"De Pere, WI"
Overall_23,*,09/29/2001,at,Lake Forest,W,2-1,"Lake Forest, IL"
Overall_23,,09/30/2001,at,Aurora,L,1-2,"Aurora, IL"
Overall_23,,10/04/2001,at,Central,W,5-1,"Pella, IA"
Overall_23,,10/07/2001,at,St. Olaf,L,0-3,"Northfield, MN"
Overall_23,*,10/10/2001,vs,Illinois College,W,5-1,"Grinnell, IA"
Overall_23,*,10/13/2001,vs,Carroll,W,4-1,"Grinnell, IA"
Overall_23,*,10/14/2001,vs,Ripon,W,1-0,"Grinnell, IA"
Overall_23,*,10/21/2001,vs,Monmouth,W,8-0,"Grinnell, IA"
Overall_23,,10/26/2001,vs,Lawrence (MWC Tournament Semifinal),L,1-2,"Lake Forest, IL"
Overall_23,Overall:,9-5-1,,,,,
Overall_23,Conf:,7-1-1,,,,,
Overall_23,Home:,6-0,,,,,
Overall_23,Away:,3-4-1,,,,,
Overall_23,Neutral:,0-1,,,,,
Overall_24,2000 Season,,,,,,
Overall_24,,Date,,Opponent,,Score,Location
Overall_24,,08/31/2000,at,Augsburg,W,1-0,"Minneapolis, MN"
Overall_24,,09/03/2000,vs,Gustavus Adolphus,L,0-2,"Minneapolis, MN"
Overall_24,*,09/09/2000,at,Knox,W,4-0,"Galesburg, IL"
Overall_24,*,09/10/2000,at,Illinois College,W,5-0,"Jacksonville, IL"
Overall_24,*,09/16/2000,vs,Beloit,W,8-1,"Grinnell, IA"
Overall_24,*,09/17/2000,at,Monmouth,W,9-0,"Monmouth, IL"
Overall_24,*,09/23/2000,vs,St. Norbert,L,0-1,"Grinnell, IA"
Overall_24,*,09/24/2000,vs,Lawrence,W,3-1,"Grinnell, IA"
Overall_24,,09/30/2000,at,Wisconsin-La Crosse,W,1-0,"La Crosse, WI"
Overall_24,*,10/07/2000,vs,Lake Forest,T,2-2,"Grinnell, IA"
Overall_24,,10/10/2000,vs,Augustana,W,4-1,"Grinnell, IA"
Overall_24,,10/17/2000,vs,Simpson,W,4-0,"Grinnell, IA"
Overall_24,*,10/21/2000,at,Ripon,W,7-0,"Ripon, WI"
Overall_24,*,10/22/2000,at,Carroll,W,3-0,"Waukesha, WI"
Overall_24,,10/27/2000,vs,Lake Forest (MWC Tournament Semifinal),T,1-1,"De Pere, WI"
Overall_24,,10/28/2000,vs,Lawrence (MWC Tournament Championship),L,1-2,"De Pere, WI"
Overall_24,Overall:,11-3-2,,,,,
Overall_24,Conf:,7-1-1,,,,,
Overall_24,Home:,4-1-1,,,,,
Overall_24,Away:,7-0,,,,,
Overall_24,Neutral:,0-2-1,,,,,
Overall_25,1999 Season,,,,,,
Overall_25,,Date,,Opponent,,Score,Location
Overall_25,,09/03/1999,vs,Wisconsin-La Crosse,L,4-5,"Grinnell, IA"
Overall_25,*,09/11/1999,vs,Knox,W,7-0,"Grinnell, IA"
Overall_25,*,09/12/1999,vs,Illinois College,W,10-0,"Grinnell, IA"
Overall_25,,09/15/1999,at,Clarke,W,2-0,"Dubuque, IA"
Overall_25,*,09/18/1999,at,Beloit,W,1-0,"Beloit, WI"
Overall_25,*,09/19/1999,vs,Monmouth,W,4-0,"Grinnell, IA"
Overall_25,*,09/25/1999,at,Lawrence,T,1-1,"Appleton, WI"
Overall_25,*,09/26/1999,at,St. Norbert,W,2-1,"De Pere, WI"
Overall_25,*,10/02/1999,at,Lake Forest,W,3-1,"Lake Forest, IL"
Overall_25,,10/08/1999,vs,Central,W,5-0,"Grinnell, IA"
Overall_25,,10/09/1999,vs,William Penn,W,4-0,"Grinnell, IA"
Overall_25,*,10/16/1999,vs,Carroll,W,4-1,"Grinnell, IA"
Overall_25,*,10/17/1999,vs,Ripon,W,10-0,"Grinnell, IA"
Overall_25,,10/22/1999,at,Augustana,W,5-3,"Rock Island, IL"
Overall_25,,10/24/1999,at,Coe,L,0-1,"Cedar Rapids, IA"
Overall_25,,10/30/1999,vs,Beloit (MWC Tournament Semifinal),W,6-0,"Grinnell, IA"
Overall_25,,10/31/1999,vs,Lawrence (MWC Tournament Championship),W,1-0,"Grinnell, IA"
Overall_25,,11/03/1999,at,Simpson (NCAA Tournament First Round),L,0-3,"Indianola, IA"
Overall_25,Overall:,14-3-1,,,,,
Overall_25,Conf:,8-0-1,,,,,
Overall_25,Home:,9-1,,,,,
Overall_25,Away:,5-2-1,,,,,
Overall_26,1998 Season,,,,,,
Overall_26,,Date,,Opponent,,Score,Location
Overall_26,,09/01/1999,at,Clarke,W,3-1,"Dubuque, IA"
Overall_26,*,09/05/1999,at,Illinois College,W,4-0,"Jacksonville, IL"
Overall_26,*,09/06/1999,at,Knox,W,4-0,"Galesburg, IL"
Overall_26,,09/11/1999,vs,Gustavus Adolphus,L,0-4,"St. Paul, MN"
Overall_26,,09/13/1999,at,St. Thomas,L,1-6,"St. Paul, MN"
Overall_26,,09/16/1999,vs,Wheaton (IL),L,0-5,"Grinnell, IA"
Overall_26,*,09/19/1999,vs,Beloit,W,5-0,"Grinnell, IA"
Overall_26,,09/20/1999,at,Iowa,L,0-8,"Iowa City, IA"
Overall_26,*,09/23/1999,at,Monmouth,W,4-0,"Monmouth, IL"
Overall_26,*,09/26/1999,vs,St. Norbert,L,0-3,"Grinnell, IA"
Overall_26,*,09/27/1999,vs,Lawrence,L,1-2,"Grinnell, IA"
Overall_26,*,10/03/1999,vs,Lake Forest,L,0-1,"Grinnell, IA"
Overall_26,,10/04/1999,at,Graceland,T,1-1,"Lamoni, IA"
Overall_26,*,10/17/1999,at,Ripon,W,3-0,"Ripon, WI"
Overall_26,*,10/18/1999,at,Carroll,L,1-3,"Waukesha, WI"
Overall_26,,10/25/1999,vs,Coe,W,2-1,"Grinnell, IA"
Overall_26,Overall:,7-8-1,,,,,
Overall_26,Conf:,5-4,,,,,
Overall_26,Home:,2-4,,,,,
Overall_26,Away:,5-3-1,,,,,
Overall_26,Neutral:,0-1,,,,,
Overall_27,1997 Season,,,,,,
Overall_27,,Date,,Opponent,,Score,Location
Overall_27,,09/06/1997,at,Augsburg,L,0-2,"Minneapolis, MN"
Overall_27,,09/10/1997,vs,St. Thomas,L,2-6,"Grinnell, IA"
Overall_27,*,09/13/1997,vs,Knox,W,8-2,"Grinnell, IA"
Overall_27,,09/20/1997,vs,Gustavus Adolphus,L,0-4,"Grinnell, IA"
Overall_27,,09/21/1997,vs,St. Olaf,L,1-6,"Grinnell, IA"
Overall_27,*,09/24/1997,vs,Monmouth,W,2-0,"Grinnell, IA"
Overall_27,*,09/27/1997,at,Lawrence,W,2-0,"Appleton, WI"
Overall_27,*,09/28/1997,at,St. Norbert,W,2-1,"De Pere, WI"
Overall_27,,10/03/1997,at,Weaton (IL),L,0-3,"Wheaton, IL"
Overall_27,*,10/04/1997,at,Lake Forest,L,2-4,"Lake Forest, IL"
Overall_27,*,10/12/1997,vs,Illinois College,W,8-0,"Grinnell, IA"
Overall_27,*,10/18/1997,vs,Carroll,L,0-1,"Grinnell, IA"
Overall_27,*,10/19/1997,vs,Ripon,W,1-0,"Grinnell, IA"
Overall_27,,10/22/1997,at,Chicago,L,0-2,"Chicago, IL"
Overall_27,*,10/24/1997,at,Beloit,W,1-0,"Beloit, WI"
Overall_27,,10/29/1997,at,St Mary's,L,0-4,"Winona, MN"
Overall_27,,11/01/1997,at,St. Norbert (MWC Tournament Semifinals),L,1-2,"De Pere, WI"
Overall_27,Overall:,7-10,,,,,
Overall_27,Conf:,7-2,,,,,
Overall_27,Home:,4-4,,,,,
Overall_27,Away:,3-6,,,,,
Overall_28,1996 Season,,,,,,
Overall_28,,Date,,Opponent,,Score,Location
Overall_28,*,09/07/1996,at,Illinois College,W,8-0,"Jacksonville, IL"
Overall_28,*,09/08/1996,at,Knox,W,4-0,"Galesburg, IL"
Overall_28,,09/14/1996,at,Gustavus Adlophus,L,0-1,"St. Peter, MN"
Overall_28,,09/15/1996,at,Macalester,L,0-7,"St. Paul, MN"
Overall_28,*,09/18/1996,vs,Coe,W,2-1,"Grinnell, IA"
Overall_28,,09/21/1996,vs,St. Mary's,L,1-2,"Grinnell, IA"
Overall_28,*,09/26/1996,vs,Cornell,W,6-1,"Grinnell, IA"
Overall_28,*,09/28/1996,vs,Knox,W,5-0,"Grinnell, IA"
Overall_28,*,10/03/1996,at,Coe,W,2-0,"Cedar Rapids, IA"
Overall_28,,10/05/1996,vs,Wheaton,L,0-1,"Grinnell, IA"
Overall_28,*,10/06/1996,vs,Monmouth,W,3-0,"Grinnell, IA"
Overall_28,*,10/09/1996,at,Cornell,W,4-0,"Mount Vernon, IA"
Overall_28,*,10/13/1996,vs,Illinois College,W,11-0,"Grinnell, IA"
Overall_28,,10/21/1996,at,Illinois Wesleyan,W,1-0,"Bloomington, IL"
Overall_28,*,10/23/1996,at,Monmouth,W,2-0,"Monmouth, IL"
Overall_28,,10/26/1996,vs,Augsburg,W,2-1,"Grinnell, IA"
Overall_28,,11/02/1996,vs,St Norbert (MWC Tournament Semifinal),W,2-1,"Lake Forest, IL"
Overall_28,,11/03/1996,at,Lake Forest (MWC Tournament Championship),W,1-0,"Lake Forest, IL"
Overall_28,Overall:,14-4,,,,,
Overall_28,Conf:,10-0,,,,,
Overall_28,Home:,6-2,,,,,
Overall_28,Away:,7-2,,,,,
Overall_28,Neutral:,1-0,,,,,
Overall_29,1995 Season,,,,,,
Overall_29,,Date,,Opponent,,Score,Location
Overall_29,*,09/09/1995,at,Illinois College,W,2-0,"Jacksonville, IL"
Overall_29,*,09/10/1995,at,Monmouth,W,7-0,"Monmouth, IL"
Overall_29,,09/16/1995,vs,Macalester,L,0-4,"Grinnell, IA"
Overall_29,*,09/20/1995,at,Coe,W,4-1,"Cedar Rapids, IA"
Overall_29,,09/23/1995,vs,Heidelberg,L,0-6,"Green Castle, IA"
Overall_29,,09/24/1995,at,Depauw,L,1-2,"Green Castle, IA"
Overall_29,*,09/28/1995,at,Cornell,W,9-2,"Mount Vernon, IA"
Overall_29,*,09/30/1995,vs,Knox,W,5-0,"Grinnell, IA"
Overall_29,*,10/07/1995,vs,Monmouth,W,5-0,"Grinnell, IA"
Overall_29,*,10/11/1995,vs,Cornell,W,6-0,"Grinnell, IA"
Overall_29,*,10/14/1995,at,Knox,L,1-2,"Galesburg, IL"
Overall_29,*,10/15/1995,vs,Illinois College,W,4-0,"Grinnell, IA"
Overall_29,,10/19/1995,at,St. Olaf,W,1-0,"Northfield, MN"
Overall_29,*,10/23/1995,vs,Coe,W,9-0,"Grinnell, IA"
Overall_29,,10/25/1995,at,Luther,W,2-1,"Decorah, IA"
Overall_29,,10/28/1995,vs,St. Norbert (MWC Tournament Championship),T,0-0,"Grinnell, IA"
Overall_29,Overall:,11-4-1,,,,,
Overall_29,Conf:,9-1,,,,,
Overall_29,Home:,5-1-1,,,,,
Overall_29,Away:,6-2,,,,,
Overall_29,Neutral:,0-1,,,,,
Overall_30,1994 Season,,,,,,
Overall_30,,Date,,Opponent,,Score,Location
Overall_30,,09/20/1994,at,Macalester,L,0-1,"St. Paul, MN"
Overall_30,*,09/21/1994,vs,Coe,W,9-0,"Grinnell, IA"
Overall_30,*,09/24/1994,at,Illinois College,W,9-0,"Jacksonville, IL"
Overall_30,*,09/25/1994,at,Monmouth,W,10-0,"Monmouth, IL"
Overall_30,*,09/29/1994,vs,Cornell,W,5-0,"Grinnell, IA"
Overall_30,*,10/01/1994,vs,Knox,W,5-0,"Grinnell, IA"
Overall_30,*,10/02/1994,vs,Illinois College,W,10-0,"Grinnell, IA"
Overall_30,*,10/05/1994,at,Coe,W,5-1,"Cedar Rapids, IA"
Overall_30,,10/08/1994,vs,Saint Benedict,W,2-1,"Grinnell, IA"
Overall_30,*,10/14/1994,at,Knox,W,2-0,"Galesburg, IL"
Overall_30,*,10/15/1994,vs,Monmouth,W,8-0,"Grinnell, IA"
Overall_30,,10/19/1994,at,Chicago,L,1-4,"Chicago, IL"
Overall_30,,10/20/1994,at,DePauw,L,1-4,"Green Castle, IA"
Overall_30,*,10/23/1994,at,Cornell,W,6-0,"Moumnt Vernon, IA"
Overall_30,,10/29/1994,vs,Lake Forest (MWC Tournament Championship),L,1-3,"De Pere, WI"
Overall_30,Overall:,11-4,,,,,
Overall_30,Conf:,10-0,,,,,
Overall_30,Home:,6-0,,,,,
Overall_30,Away:,5-3,,,,,
Overall_30,Neutral:,0-1,,,,,
Overall_31,1993 Season,,,,,,
Overall_31,,Date,,Opponent,,Score,Location
Overall_31,,09/11/1993,vs,St. Scholastica,W,3-1,"Grinnell, IA"
Overall_31,,09/12/1993,vs,St. Mary's,L,0-2,"Grinnell, IA"
Overall_31,*,09/23/1993,at,Cornell,W,5-0,"Mount Vernon, IA"
Overall_31,,09/25/1993,vs,Gustavus Adolphus,L,1-3,"Grinnell, IA"
Overall_31,*,09/26/1993,vs,Illinois College,W,8-0,"Grinnell, IA"
Overall_31,*,09/29/1993,vs,Coe,W,3-0,"Grinnell, IA"
Overall_31,*,10/02/1993,vs,Knox,W,2-0,"Grinnell, IA"
Overall_31,*,10/09/1993,at,Knox,W,6-0,"Galesburg, IL"
Overall_31,*,10/10/1993,vs,Cornell,W,5-0,"Grinnell, IA"
Overall_31,*,10/13/1993,at,Coe,W,3-2,"Cedar Rapids, IA"
Overall_31,,10/16/1993,at,Carleton,W,4-1,"Northfield, MN"
Overall_31,,10/18/1993,at,St. Olaf,L,1-2,"Northfield, MN"
Overall_31,*,10/23/1993,at,Illinois College,W,6-0,"Jacksonville, IL"
Overall_31,,10/26/1993,vs,Luther,T,1-1,"Grinnell, IA"
Overall_31,,10/30/1993,vs,Beloit (MWC Tournament Semifinal),W,2-0,"Grinnell, IA"
Overall_31,,10/31/1993,vs,St. Norbert (MWC Tournament Championship),W,3-0,"Grinnell, IA"
Overall_31,Overall:,12-3-1,,,,,
Overall_31,Conf:,8-0,,,,,
Overall_31,Home:,7-2-1,,,,,
Overall_31,Away:,5-1,,,,,
Overall_32,1992 Season,,,,,,
Overall_32,,Date,,Opponent,,Score,Location
Overall_32,,09/12/1992,vs,Lake Forest,W,6-0,"Grinnell, IA"
Overall_32,,09/13/1992,vs,St. Olaf,W,1-0,"Grinnell, IA"
Overall_32,*,09/16/1992,at,Coe,W,8-1,"Cedar Rapids, IA"
Overall_32,*,09/19/1992,at,Illinois College,W,5-0,"Jacksonville, IL"
Overall_32,,09/27/1992,vs,Washington-St. Louis,L,2-3,"Grinnell, IA"
Overall_32,*,09/30/1992,at,Cornell,W,10-0,"Mount Vernon, IA"
Overall_32,*,10/03/1992,vs,Knox,W,5-1,"Grinnell, IA"
Overall_32,,10/09/1992,at,Gustavus Adolphus,L,0-2,"St. Peter, MN"
Overall_32,*,10/11/1992,vs,Illinois College,W,12-0,"Grinnell, IA"
Overall_32,*,10/14/1992,vs,Cornell,W,8-0,"Grinnell, IA"
Overall_32,*,10/17/1992,at,Knox,W,7-3,"Galesburg, IL"
Overall_32,,10/19/1992,at,St. Mary's,T,0-0,"Winona, MN"
Overall_32,*,10/22/1992,vs,Coe,W,3-0,"Grinnell, IA"
Overall_32,,10/25/1992,at,Luther,W,2-1,"Decorah, IA"
Overall_32,,10/31/1992,at,St. Norbert (MWC Tournament Semifinal),W,4-0,"De Pere, WI"
Overall_32,,11/01/1992,vs,Beloit (MWC Tournament Championship),W,2-0,"De Pere, WI"
Overall_32,Overall:,13-2-1,,,,,
Overall_32,Conf:,8-0,,,,,
Overall_32,Home:,6-1,,,,,
Overall_32,Away:,6-1-1,,,,,
Overall_32,Neutral:,1-0,,,,,
Overall_33,1991 Season,,,,,,
Overall_33,,Date,,Opponent,,Score,Location
Overall_33,,09/07/1991,vs,Gustavus Adolphus,L,0-2,"Grinnell, IA"
Overall_33,,09/08/1991,vs,Westminster (MO),W,8-0,"Grinnell, IA"
Overall_33,*,09/11/1991,at,Cornell,W,5-0,"Mount Vernon, IA"
Overall_33,,09/15/1991,at,Augsburg,W,2-0,"Minneapolis, MN"
Overall_33,*,09/21/1991,at,Knox,W,8-0,"Galesburg, IL"
Overall_33,*,09/25/1991,vs,Coe,W,5-0,"Grinnell, IA"
Overall_33,,09/27/1991,at,Washington-St. Louis,W,1-0,"St. Louis, MO"
Overall_33,,09/28/1991,at,Maryville (MO),W,7-0,"St. Louis, MO"
Overall_33,*,10/02/1991,at,Coe,W,6-0,"Cedar Rapids, IA"
Overall_33,*,10/05/1991,vs,Knox,W,1-0,"Grinnell, IA"
Overall_33,*,10/06/1991,vs,Cornell,W,5-1,"Grinnell, IA"
Overall_33,,10/12/1991,vs,Carleton,W,1-0,"Grinnell, IA"
Overall_33,,10/21/1991,at,Denver,L,1-2,"Denver, CO"
Overall_33,,10/22/1991,at,Colorado Christian,L,0-1,"Lakewood, CO"
Overall_33,,10/26/1991,vs,St. Norbert (MWC Tournament Semifinal),W,4-0,"Grinnell, IA"
Overall_33,,10/27/1991,vs,Beloit (MWC Tournament Championship),W,4-3,"Grinnell, IA"
Overall_33,Overall:,13-3,,,,,
Overall_33,Conf:,6-0,,,,,
Overall_33,Home:,7-1,,,,,
Overall_33,Away:,6-2,,,,,
Overall_34,1990 Season,,,,,,
Overall_34,,Date,,Opponent,,Score,Location
Overall_34,,09/08/1990,vs,Luther,W,4-0,"Grinnell, IA"
Overall_34,,09/09/1990,vs,William Woods,W,2-1,"Grinnell, IA"
Overall_34,*,09/12/1990,at,Cornell,W,2-0,"Mount Vernon, IA"
Overall_34,,09/16/1990,vs,Augsburg,W,4-0,"Grinnell, IA"
Overall_34,*,09/22/1990,vs,Knox,W,4-1,"Grinnell, IA"
Overall_34,,09/23/1990,vs,Lake Forest,W,3-0,"Grinnell, IA"
Overall_34,*,09/26/1990,vs,Coe,W,4-0,"Grinnell, IA"
Overall_34,,09/28/1990,at,Gustavus Adolphus,T,0-0,"St. Peter, MN"
Overall_34,*,10/03/1990,at,Coe,W,5-1,"Cedar Rapids, IA"
Overall_34,,10/06/1990,at,Westminster (MO),W,2-1,"Futton, MO"
Overall_34,*,10/07/1990,vs,Cornell,W,5-0,"Grinnell, IA"
Overall_34,*,10/10/1990,at,Knox,W,3-1,"Galesburg, IL"
Overall_34,,10/13/1990,at,Carleton,L,1-4,"Northfield, MN"
Overall_34,,10/23/1990,at,Chicago,W,6-0,"Chicago, IL"
Overall_34,,10/27/1990,at,St. Norbert (MWC Tournament Championship),W,2-1,"De Pere, WI"
Overall_34,Overall:,13-1-1,,,,,
Overall_34,Conf:,6-0,,,,,
Overall_34,Home:,7-0,,,,,
Overall_34,Away:,6-1-1,,,,,
Overall_35,1989 Season,,,,,,
Overall_35,,Date,,Opponent,,Score,Location
Overall_35,,09/09/1989,vs,Ripon,W,6-0,"Grinnell, IA"
Overall_35,,09/10/1989,vs,Tarkio,W,3-1,"Grinnell, IA"
Overall_35,,09/13/1989,vs,Cornell,W,5-0,"Grinnell, IA"
Overall_35,*,09/23/1989,at,Lake Forest,L,0-4,"Lake Forest, IL"
Overall_35,*,09/24/1989,at,Beloit,W,2-1,"Beloit, WI"
Overall_35,*,09/27/1989,at,Knox,W,1-0,"Galesburg, WI"
Overall_35,,10/01/1989,vs,St. Benedict,W,2-0,"Grinnell, IA"
Overall_35,,10/06/1989,at,Wisconsin-Stevens Point,L,0-1,"Stevens Point, WI"
Overall_35,*,10/07/1989,at,Ripon,W,6-2,"Ripon, WI"
Overall_35,*,10/14/1989,vs,St. Norbert,W,2-1,"Grinnell, IA"
Overall_35,*,10/15/1989,vs,Lawrence,W,3-1,"Grinnell, IA"
Overall_35,,10/18/1989,at,Tarkio,L,0-1,"Tarkio, MO"
Overall_35,,10/21/1989,vs,Carleton,L,1-2,"Grinnell, IA"
Overall_35,,10/24/1989,vs,Wartburg,W,7-0,"Grinnell, IA"
Overall_35,Overall:,10-4,,,,,
Overall_35,Conf:,5-1,,,,,
Overall_35,Home:,7-1,,,,,
Overall_35,Away:,3-3,,,,,
Overall_36,1988 Season,,,,,,
Overall_36,,Date,,Opponent,,Score,Location
Overall_36,,09/09/1988,vs,Wisconsin-Stevens Point,L,1-2,"Grinnell, IA"
Overall_36,,09/10/1988,vs,Tarkio,L,0-2,"Grinnell, IA"
Overall_36,*,09/17/1988,at,St. Norbert,L,0-4,"De Pere, WI"
Overall_36,*,09/18/1988,at,Lawrence,L,0-1,"Appleton, WI"
Overall_36,*,09/24/1988,vs,Lake Forest,L,0-2,"Grinnell, IA"
Overall_36,*,09/28/1988,vs,Knox,W,3-2,"Grinnell, IA"
Overall_36,,10/02/1988,at,St. Benedict,W,1-0,"St. Joseph, MN"
Overall_36,*,10/08/1988,vs,Ripon,W,4-1,"Grinnell, IA"
Overall_36,,10/17/1988,at,Manhattanville,L,0-2,"Purchase, NY"
Overall_36,,10/19/1988,at,Regis,T,1-1,"Weston, MA"
Overall_36,,10/20/1988,at,New England,W,1-0,"Biddeford, ME"
Overall_36,*,10/29/1988,vs,Beloit,L,1-2,"Grinnell, IA"
Overall_36,Overall:,4-7-1,,,,,
Overall_36,Conf:,2-4,,,,,
Overall_36,Home:,2-4,,,,,
Overall_36,Away:,2-3-1,,,,,
Overall_37,1987 Season,,,,,,
Overall_37,,Date,,Opponent,,Score,Location
Overall_37,,09/12/1987,vs,Wisconsin-Stevens Point,L,0-2,"Northfield, MN"
Overall_37,,09/13/1987,at,Carleton,L,0-10,"Northfield, MN"
Overall_37,,09/19/1987,at,UNI Club Team,L,0-2,"Cedar Falls, IA"
Overall_37,,09/23/1987,vs,Iowa State Club Team,T,2-2,"Grinnell, IA"
Overall_37,,09/30/1987,at,Cornell,W,3-0,"Mount Vernon, IA"
Overall_37,,10/03/1987,at,Knox,L,1-2,"Galesburg, IL"
Overall_37,,10/10/1987,vs,UNI Club Team,W,2-0,"Grinnell, IA"
Overall_37,,10/12/1987,vs,Cornell,W,4-1,"Grinnell, IA"
Overall_37,,10/14/1987,at,Luther,W,6-1,"Decorah, IA"
Overall_37,,10/17/1987,vs,Knox,T,0-0,"Grinnell, IA"
Overall_37,,10/18/1987,vs,Minnesota,L,0-11,"Cedar Falls, IA"
Overall_37,Overall:,4-5-2,,,,,
Overall_37,Home:,2-0-2,,,,,
Overall_37,Away:,2-3,,,,,
Overall_37,Neutral:,0-2,,,,,
